"name","mz","rt"
"PM0006",80.0497458638616,580.259
"PM0012",81.0449801759911,22.8048
"PM0021",83.0606225711509,1362.445
"PM0022",85.0650658262481,434.695
"PM0024",87.0443273045822,517.275
"PM0025",87.0443476561718,443.24
"PM0026",87.0443033132394,381.206
"PM0031",89.0598920679129,364.437
"PM0032",89.0599913854395,441.078
"PM0034",89.0793145201918,441.194
"PM0054",93.0628432295011,871.699
"PM0069",94.0746130594863,513.112
"PM0071",94.162434812257,872.016
"PM0082",95.507831185283,873.288
"PM0084",96.4258719157128,1362.88
"PM0085",96.8873089244451,1362.86
"PM0086",96.9159310958753,440.89
"PM0087",97.0108134122668,1362.68
"PM0094",97.3520871749257,1362.76
"PM0095",97.3809130304633,446.9555
"PM0096",97.4764673194669,1362.85
"PM0097",97.5245388719217,445.4545
"PM0098",97.6702205477277,451.493
"PM0099",97.688385333551,446.531
"PM0100",97.8459168791959,446.3125
"PM0101",97.84932483724,445.991
"PM0102",97.9454899718768,1362.78
"PM0103",97.9680749924316,446.774
"PM0104",97.983446929757,445.5165
"PM0105",97.998770821371,447.455
"PM0110",98.1589729883104,447.191
"PM0111",98.281250832847,449.888
"PM0112",98.2917232577595,1362.56
"PM0113",98.3209882196601,447.673
"PM0114",98.3713426518747,730.686
"PM0115",98.3954821761892,446.698
"PM0116",98.4179409656332,1362.85
"PM0117",98.4407623173635,448.662
"PM0118",98.4642211467216,448.219
"PM0119",98.4765921077083,447.501
"PM0121",98.613649788145,446.2315
"PM0122",98.6330038772614,449.378
"PM0123",98.7431641000481,446.774
"PM0124",98.7555798066275,444.207
"PM0125",98.7666907114644,1362.815
"PM0126",98.7961566461997,446.811
"PM0127",98.8426372959613,445.39
"PM0128",98.8577333137947,446.715
"PM0129",98.8711989114175,446.202
"PM0130",98.8937631044162,1362.815
"PM0131",98.9146977248442,447.475
"PM0132",98.928334197007,447.173
"PM0133",98.9425232038249,448.7555
"PM0136",98.9843666219416,665.322
"PM0138",99.0443446288268,448.684
"PM0139",99.0675029629424,444.362
"PM0140",99.0835359233639,440.17
"PM0141",99.1104419344962,449.287
"PM0142",99.1303013987511,448.16
"PM0143",99.2172342965248,442.819
"PM0144",99.2335170611089,448.015
"PM0145",99.2450806880415,1362.91
"PM0146",99.2747468707068,445.193
"PM0147",99.3258339283082,730.691
"PM0148",99.3368168614878,447.953
"PM0149",99.3503913541493,447.254
"PM0150",99.403325064507,445.464
"PM0151",99.4166495976219,445.716
"PM0152",99.4286995309332,449.886
"PM0153",99.4406142919445,449.712
"PM0154",99.5099621597983,446.614
"PM0155",99.5399797805584,1362.76
"PM0156",99.5693767676397,445.235
"PM0157",99.5913132931874,449.132
"PM0158",99.6044264238298,449.76
"PM0159",99.6131857341408,448.194
"PM0160",99.6996187820271,447.721
"PM0161",99.7147879104283,445.371
"PM0162",99.756805381693,446.3615
"PM0163",99.8082842145199,730.26
"PM0164",99.809155194866,449.742
"PM0165",99.8330259784786,446.698
"PM0166",99.911106739966,445.845
"PM0168",99.9665764073154,447.213
"PM0169",99.9938939151874,447.883
"PM0170",100.021062764638,447.655
"PM0171",100.02402293385,1362.77
"PM0172",100.048392901132,449.742
"PM0174",100.07573489147,447.254
"PM0181",100.111856952348,455.729
"PM0182",100.130239020042,445.213
"PM0183",100.157587892994,447.883
"PM0184",100.168093837175,449.0545
"PM0185",100.184854609693,445.068
"PM0186",100.261060571868,451.754
"PM0187",100.29426987217,730.26
"PM0188",100.319178253901,446.783
"PM0189",100.332709476737,449.8875
"PM0190",100.347579132161,445.2125
"PM0191",100.395927705468,443.962
"PM0192",100.418605190913,730.26
"PM0193",100.438106610309,448.758
"PM0195",100.481183870265,447.447
"PM0196",100.511569675952,1362.88
"PM0197",100.538584299311,731.997
"PM0198",100.542128765227,446.647
"PM0199",100.563673981507,449.5215
"PM0200",100.584521553087,445.959
"PM0201",100.6460530828,448.0345
"PM0202",100.728625923834,447.765
"PM0203",100.744912539739,445.597
"PM0204",100.756254454093,450.5885
"PM0205",100.808896603851,446.2995
"PM0206",100.822424848267,447.474
"PM0207",100.836483937637,447.447
"PM0208",100.886298883263,447.673
"PM0209",100.909087713916,730.26
"PM0210",100.928164226396,447.765
"PM0211",101.002700868713,1362.865
"PM0212",101.029911755101,730.686
"PM0213",101.034464673128,451.237
"PM0214",101.055124396848,448.478
"PM0215",101.059885036725,519.795
"PM0218",101.05979435679,449.762
"PM0219",101.079212695718,513.715
"PM0220",101.078899229476,449.4425
"PM0221",101.096002296725,464.437
"PM0223",101.106565088841,443.6685
"PM0225",101.216124258576,447.447
"PM0226",101.236332381787,448.335
"PM0227",101.254128017961,448.16
"PM0228",101.274865382677,445.995
"PM0229",101.276949866508,730.26
"PM0230",101.302214825097,447.128
"PM0231",101.330867984636,443.163
"PM0232",101.380200564399,445.0165
"PM0233",101.402010781307,448.662
"PM0234",101.403122781988,730.26
"PM0235",101.42224687329,449.665
"PM0237",101.497454607866,1362.58
"PM0239",101.550288521392,448.532
"PM0240",101.554870921007,460.299
"PM0241",101.572559980338,448.928
"PM0243",101.715026276414,445.5495
"PM0244",101.724315420022,446.698
"PM0245",101.748841223845,451.171
"PM0247",101.773693201708,730.686
"PM0248",101.799132702403,446.698
"PM0249",101.877671784905,446.191
"PM0250",101.900814857209,729.821
"PM0253",102.023446335046,731.99
"PM0255",102.049002386506,446.698
"PM0256",102.062879927466,475.0625
"PM0259",102.091478152029,484.216
"PM0261",102.118058463207,499.041
"PM0269",102.27412888355,731.112
"PM0271",102.299703279626,444.3575
"PM0275",102.378902526857,443.792
"PM0287",102.572698970793,494.822
"PM0306",102.872095535968,494.286
"PM0309",102.933244885523,493.803
"PM0315",103.075465488305,379.4745
"PM0316",103.075172787286,439.795
"PM0320",103.128239645762,496.9165
"PM0330",103.286109768616,732.641
"PM0340",103.449332635051,496.5135
"PM0347",103.560976281735,495.086
"PM0349",103.591316370022,497.791
"PM0375",103.983048566963,494.936
"PM0377",104.026434988846,494.68
"PM0378",104.041962222735,495.689
"PM0391",104.21298004628,495.298
"PM0406",104.453931187329,494.6935
"PM0410",104.50747418599,495.222
"PM0412",104.537625832436,495.228
"PM0435",104.904267253128,493.752
"PM0442",104.976878865207,66.6798
"PM0448",105.003493044667,66.6876
"PM0464",105.107907145226,494.526
"PM0466",105.121841141758,494.225
"PM0475",105.255860637837,494.33
"PM0492",105.528415153026,494.431
"PM0493",105.542812041258,494.663
"PM0518",105.939702300387,494.3915
"PM0519",105.96201417374,494.431
"PM0523",106.015506158499,493.9945
"PM0524",106.028936748756,494.975
"PM0543",106.313677862732,495.689
"PM0559",106.562494359115,495.782
"PM0563",106.61453954145,495.298
"PM0565",106.645510700511,496.0475
"PM0587",106.953284666181,498.515
"PM0591",107.00407901789,495.794
"PM0594",107.07015635518,466.7835
"PM0595",107.070255212088,376.411
"PM0597",107.085437102707,437.946
"PM0626",108.080736560069,679.476
"PM0634",109.106930122033,516.589
"PM0642",111.091667862982,512.556
"PM0644",112.916633776862,494.322
"PM0646",113.059629194107,532.2065
"PM0647",113.059536374452,457.597
"PM0648",113.059638438205,624.564
"PM0649",113.132420118134,1362.44
"PM0650",113.501558820768,495.063
"PM0651",114.057881825672,494.747
"PM0652",114.091075566121,494.6225
"PM0653",114.124273292882,495.469
"PM0654",114.685159593751,495.004
"PM0655",115.075201687848,436.9225
"PM0656",115.094397105613,493.9495
"PM0657",115.111560631763,517.291
"PM0658",115.122861703781,559.8565
"PM0659",115.283912797712,494.807
"PM0661",116.106749437524,474.181
"PM0663",117.054483058984,430.042
"PM0664",117.090817441062,433.894
"PM0665",117.102054846302,466.3325
"PM0673",119.048848532321,685.468
"PM0680",121.028205814919,1362.78
"PM0681",121.085724799965,393.0235
"PM0682",121.100832094363,436.091
"PM0703",124.096516782744,375.6715
"PM0707",125.035876126371,412.6365
"PM0711",127.111246142062,461.0715
"PM0716",129.051871974415,373.9065
"PM0721",129.660226528098,446.698
"PM0723",130.064780406609,841.642
"PM0724",130.085874420055,361.864
"PM0727",130.15865388012,883.478
"PM0728",130.227368183188,873.064
"PM0729",130.380165519582,444.389
"PM0730",131.065261461124,441.2655
"PM0732",131.106202833703,442.712
"PM0733",131.117495904197,405.122
"PM0734",131.147064672846,443.933
"PM0735",131.162012200561,885.356
"PM0736",131.838209536005,441.273
"PM0738",132.101464253603,521.097
"PM0739",132.10942764003,439.44
"PM0740",132.120864983495,404.459
"PM0741",132.576379241321,442.99
"PM0747",133.085281826562,440.893
"PM0748",133.085524883611,363.457
"PM0749",133.100597143972,520.666
"PM0751",133.588831008521,417.463
"PM0760",135.866957786063,419.963
"PM0761",136.021053151163,913.019
"PM0768",136.639280067355,417.5385
"PM0777",139.008669281823,729.38
"PM0780",139.807934872629,732.423
"PM0783",140.001139906708,445.464
"PM0789",140.614202512693,732.431
"PM0799",143.106096143852,433.207
"PM0809",145.97004327612,493.0185
"PM0823",146.407434614646,1362.72
"PM0825",146.498752581618,433.17
"PM0834",147.100808450981,441.58
"PM0835",147.271508886825,1362.76
"PM0836",147.363678511581,435.7715
"PM0837",147.551783611096,365.41
"PM0839",147.850488317734,364.302
"PM0840",148.096201767834,379.383
"PM0842",148.143244658923,1362.78
"PM0843",148.236241910805,437.054
"PM0844",148.426037506257,365.5925
"PM0846",148.727544499983,364.728
"PM0847",148.874223167477,1364.48
"PM0848",148.97322543538,1362.78
"PM0849",149.003944974857,1363.715
"PM0850",149.022862753214,1362.78
"PM0856",149.041608055236,1363.31
"PM0857",149.067038747221,435.49
"PM0859",149.097744349362,434.653
"PM0860",149.116622887775,436.877
"PM0861",149.116700041092,537.593
"PM0863",149.135356856365,433.1475
"PM0864",149.166309277478,435.49
"PM0865",149.171634522699,1362.78
"PM0866",149.265604250451,428.967
"PM0867",149.30815814013,365.41
"PM0868",149.910158356746,1362.56
"PM0869",150.004867998244,435.6765
"PM0870",150.026167870331,1362.53
"PM0874",150.198054792275,365.41
"PM0875",150.645956825625,363.2775
"PM0876",150.805494592016,1362.5
"PM0877",150.900978983849,435.7715
"PM0878",150.944166000799,365.3845
"PM0879",151.045368031064,365.452
"PM0880",151.076755118093,364.239
"PM0881",151.095965228915,364.708
"PM0882",151.095705409975,444.76
"PM0883",151.111002428575,521.956
"PM0884",151.115032002145,364.3265
"PM0885",151.120317087758,433.478
"PM0886",151.146596953346,365.41
"PM0887",151.247937296273,363.432
"PM0888",151.547896969399,364.5175
"PM0889",151.708851663442,1362.76
"PM0890",151.805211845578,432.817
"PM0891",152.001935146054,365.164
"PM0898",152.916064849591,364.918
"PM0901",153.089751522954,488.6095
"PM0907",153.376208818975,366.0945
"PM0908",153.521381586191,365.006
"PM0909",153.838480144061,365.452
"PM0913",154.158480754222,1362.77
"PM0914",154.769308923447,366.39
"PM0921",155.385562976406,366.373
"PM0926",157.082960322827,406.279
"PM0931",157.136692027643,402.197
"PM0936",158.086207660274,400.92
"PM0938",158.153386629267,637.218
"PM0941",158.995557677932,446.428
"PM0942",159.012694322667,403.415
"PM0943",159.064477982012,433.7535
"PM0944",159.064723129723,1043.14
"PM0945",159.100933074708,382.106
"PM0946",159.156663507506,639.626
"PM0947",159.15891748002,459.953
"PM0949",160.095902241457,440.2
"PM0950",160.138507862738,462.287
"PM0954",161.017858394011,338.114
"PM0955",161.079814696181,510.613
"PM0956",161.091356309433,391.856
"PM0957",161.127170995286,462.218
"PM0959",161.459819578735,685.788
"PM0961",162.090737668776,626.762
"PM0962",162.124990852033,462.224
"PM0964",163.075299000448,463.263
"PM0965",163.110517682543,461.0305
"PM0967",163.13215145896,518.24
"PM0969",163.132152485136,462.287
"PM0970",163.157871708891,461.0485
"PM0971",163.188892267862,462.224
"PM0972",163.30248631876,462.163
"PM0974",163.966733744599,364.474
"PM0977",164.106382608696,591.207
"PM0980",164.135546627415,462.224
"PM0981",164.148679191562,462.213
"PM0982",164.490683396697,683.741
"PM0993",165.034537947631,494.591
"PM0996",165.111591264925,378.426
"PM1000",165.174775520019,462.224
"PM1004",166.025150916928,365.452
"PM1009",166.14269944156,489.06
"PM1010",166.143155836342,425.01
"PM1011",166.210472724013,462.287
"PM1013",167.033343979899,1362.53
"PM1014",167.068892541295,365.452
"PM1015",167.072950954972,400.608
"PM1018",167.105918399333,428.097
"PM1019",167.146285474829,423.98
"PM1020",167.594337793159,363.235
"PM1022",168.036558835908,1362.865
"PM1023",168.040686483217,366.4635
"PM1024",168.063091533047,365.4445
"PM1026",168.122445525475,364.671
"PM1028",168.144793791482,364.231
"PM1029",168.18192701565,365.479
"PM1030",168.300906908703,362.345
"PM1031",168.65298868037,364.3435
"PM1032",168.738112749162,365.733
"PM1038",169.121520483584,522.106
"PM1040",169.125807032644,364.6715
"PM1041",169.158012099071,660.604
"PM1042",169.186111503554,364.723
"PM1043",169.807585146729,365.247
"PM1048",170.153396290784,801.78
"PM1049",170.176450243761,364.4595
"PM1050",170.259818329752,365.452
"PM1051",170.34601830167,367.47
"PM1052",170.88725522794,365.247
"PM1061",171.259606936607,367.5245
"PM1062",171.343797290877,365.479
"PM1063",171.430809132412,363.9565
"PM1064",171.977276397809,365.247
"PM1066",172.132303637247,443.263
"PM1070",172.267247034258,1326.45
"PM1071",172.526089134172,365.733
"PM1072",172.891624122312,365.364
"PM1074",173.015726391069,365.039
"PM1075",173.054224204601,366.394
"PM1076",173.077741539486,364.718
"PM1078",173.101381280555,367.475
"PM1080",173.139850135805,365.039
"PM1081",173.152804634377,517.647
"PM1083",173.631893511073,365.0255
"PM1084",174.081086623365,364.708
"PM1087",174.188818591373,364.7745
"PM1089",174.74830746455,366.204
"PM1092",175.081701852246,365.5255
"PM1093",175.132045192075,431.745
"PM1094",175.132034948349,472.143
"PM1095",175.147408868739,588.63
"PM1096",175.310607626474,365.039
"PM1101",176.443238354778,365.623
"PM1104",177.054039548729,648.638
"PM1106",177.147645716556,479.6
"PM1107",177.193673907623,365.437
"PM1109",177.586952051866,365.781
"PM1111",178.106623905056,417.004
"PM1115",178.344688428191,367.4725
"PM1121",179.127100142414,386.993
"PM1131",180.158682939816,473.485
"PM1141",180.986637831957,535.53
"PM1142",180.994107300038,70.1136
"PM1149",181.161887809377,465.487
"PM1159",182.124688701814,492.918
"PM1171",183.077429648048,462.247
"PM1177",183.137122166979,452.933
"PM1180",183.173602702739,691.744
"PM1188",183.486784604911,686.574
"PM1191",183.878416614339,690.62
"PM1204",184.202392387412,681.283
"PM1205",184.21551650932,682.138
"PM1208",184.326585124824,687.806
"PM1209",184.354357307218,681.839
"PM1210",184.366267322627,684.29
"PM1211",184.394262575646,679.664
"PM1212",184.405334759276,687.14
"PM1213",184.428950018351,681.492
"PM1225",184.683146671347,677.974
"PM1227",184.767762236092,680.86
"PM1228",184.777760080544,684.595
"PM1229",184.805280762833,677.142
"PM1230",184.842138438396,680.637
"PM1232",184.862951623736,680.912
"PM1233",184.892537511362,685.16
"PM1234",184.915218072206,677.41
"PM1241",185.056534266134,399.4895
"PM1243",185.114051136094,468.676
"PM1244",185.116420671003,417.492
"PM1252",185.264383781847,680.667
"PM1253",185.286369222291,692.782
"PM1254",185.301633532586,678.266
"PM1255",185.346991500778,685.468
"PM1256",185.363735404489,683.377
"PM1257",185.418140684991,685.887
"PM1258",185.440602676655,680.47
"PM1259",185.452903405507,689.858
"PM1260",185.468423878986,677.178
"PM1261",185.492277758667,690.256
"PM1262",185.510692650656,677.97
"PM1265",185.610195947892,680.667
"PM1266",185.638566152571,685.314
"PM1287",186.147978701865,533.552
"PM1292",186.265787187932,682.327
"PM1293",186.287934265907,689.428
"PM1294",186.328866875094,680.855
"PM1295",186.343858328125,680.48
"PM1297",186.397933801001,689.428
"PM1298",186.412251352165,683.318
"PM1299",186.443906048871,681.264
"PM1300",186.466798781948,680.877
"PM1301",186.520925122694,687.971
"PM1302",186.544210768112,680.036
"PM1303",186.574497524257,683.735
"PM1304",186.646595726842,696.193
"PM1305",186.680171872845,690.708
"PM1306",186.690922858215,681.286
"PM1307",186.750495853573,679.636
"PM1308",186.763053456869,680.47
"PM1310",186.801914089802,683.724
"PM1311",186.812534007714,685.344
"PM1314",186.918533244369,682.902
"PM1316",186.946662999281,686.306
"PM1330",187.093429115898,377.947
"PM1339",187.264599954006,686.306
"PM1341",187.273548402516,688.393
"PM1342",187.315737988638,669.282
"PM1343",187.32754688498,681.586
"PM1344",187.345713258392,688.219
"PM1345",187.359256495255,684.146
"PM1347",187.370919559657,691.107
"PM1348",187.414958994856,680.538
"PM1349",187.432568983067,689.457
"PM1350",187.45731230605,690.474
"PM1351",187.479025122236,682.82
"PM1352",187.49332462407,678.266
"PM1353",187.529901505128,1362.88
"PM1354",187.530961088248,675.525
"PM1355",187.578430161377,684.948
"PM1356",187.590550498317,680.415
"PM1358",187.646190083809,686.172
"PM1359",187.689369300094,680.656
"PM1360",187.72021650509,680.686
"PM1361",187.732486296845,679.39
"PM1362",187.758822576397,696.06
"PM1363",187.792592544357,673.826
"PM1365",187.858781957449,677.41
"PM1366",187.879926974049,669.742
"PM1367",187.89151449213,680.27
"PM1382",188.177922365447,687.844
"PM1387",188.282609149134,687.14
"PM1389",188.315657661354,680.48
"PM1390",188.369202577606,674.02
"PM1391",188.379120075087,682.755
"PM1392",188.456327648587,682.902
"PM1393",188.484895261164,681.685
"PM1394",188.511461384209,684.548
"PM1395",188.528162757215,686.306
"PM1396",188.546574102146,689.959
"PM1397",188.555368400788,684.868
"PM1399",188.625479425417,673.83
"PM1400",188.720094991433,684.95
"PM1401",188.737327581431,682.564
"PM1402",188.762933570795,685.788
"PM1403",188.783250644378,1363.55
"PM1404",188.78240241224,683.198
"PM1405",188.821729822803,686.26
"PM1406",188.860696243051,689.961
"PM1408",188.909158064112,684.546
"PM1409",188.944387964253,682.966
"PM1415",189.051543087702,364.7315
"PM1418",189.100734439672,359.2235
"PM1420",189.132690768626,672.26
"PM1421",189.14753645983,519.984
"PM1422",189.170240127641,406.111
"PM1424",189.226381497676,691.884
"PM1425",189.290814963272,402.73
"PM1426",189.338636747702,681.679
"PM1427",189.368278462596,679.29
"PM1428",189.408641448729,688.61
"PM1429",189.422605875617,686.172
"PM1430",189.456740113565,682.09
"PM1431",189.477300412606,683.304
"PM1434",189.511579092104,684.807
"PM1435",189.529176864421,689.964
"PM1436",189.549514874339,683.724
"PM1437",189.576803973277,673.833
"PM1438",189.596106558974,688.644
"PM1439",189.611836327033,682.564
"PM1440",189.623634498553,681.683
"PM1441",189.724968571494,686.45
"PM1442",189.760781479399,689.466
"PM1443",189.808895306549,682.38
"PM1444",189.832018313405,686.172
"PM1445",189.854652340854,692.146
"PM1447",189.884809187725,685.604
"PM1448",189.905490819274,691.926
"PM1449",189.933424834364,358.796
"PM1454",190.049129075857,1362.445
"PM1458",190.106533472953,384.4595
"PM1467",190.260029235166,683.724
"PM1468",190.269966830602,686.306
"PM1469",190.313438282732,688.61
"PM1472",190.51828515207,677.41
"PM1473",190.561891276963,404.3955
"PM1474",190.559755756095,685.468
"PM1476",190.601338730278,687.804
"PM1477",190.634500115127,682.564
"PM1483",190.808357031591,683.806
"PM1484",190.819380639792,679.636
"PM1485",190.850798102151,673.833
"PM1486",190.861235889132,684.528
"PM1487",190.904739007171,694.529
"PM1488",190.915641047671,688.698
"PM1492",191.052488068127,1362.45
"PM1496",191.126940063485,467.448
"PM1499",191.150249900476,683.729
"PM1500",191.163166388386,508.498
"PM1502",191.235234899815,507.4
"PM1503",191.253926026455,684.528
"PM1504",191.32788734176,1362.62
"PM1505",191.367934399222,683.724
"PM1506",191.396820121506,685.764
"PM1508",191.426680684774,683.915
"PM1509",191.438135707888,678.699
"PM1510",191.461425977717,691.884
"PM1511",191.492205525552,682.566
"PM1512",191.554521757606,687.006
"PM1513",191.585398557127,684.546
"PM1514",191.612643014976,681.934
"PM1515",191.651754113167,357.778
"PM1516",191.663850372232,688.61
"PM1517",191.731315728451,686.723
"PM1518",191.845784660702,406.01
"PM1519",191.854635979598,354.929
"PM1520",191.860922260499,687.14
"PM1521",191.919608198209,678.808
"PM1522",191.979865807933,682.155
"PM1524",192.06491842888,680.178
"PM1527",192.13756511328,671.963
"PM1529",192.166425427761,509.941
"PM1530",192.211717770334,369.0495
"PM1531",192.209987047704,678.266
"PM1532",192.282480618587,678.551
"PM1533",192.295441661525,677.607
"PM1534",192.355004197654,680.48
"PM1537",192.501544047358,359.015
"PM1542",192.619612733039,1362.91
"PM1543",192.651371222876,676.031
"PM1544",192.699450752502,685.362
"PM1545",192.721212565789,679.774
"PM1546",192.785692851913,682.912
"PM1547",192.864248291474,688.224
"PM1549",192.946806013606,356.8355
"PM1553",193.069642306642,403.0425
"PM1554",193.088340758256,679.988
"PM1555",193.106277953855,383.745
"PM1557",193.142739492442,406.743
"PM1558",193.140998029731,671.899
"PM1559",193.158002708175,586.756
"PM1560",193.151695895004,356.134
"PM1561",193.215964740613,402.774
"PM1562",193.213743230366,685.16
"PM1563",193.234101262861,675.527
"PM1564",193.247530150541,682.505
"PM1565",193.282883467203,681.677
"PM1566",193.38772214313,686.306
"PM1567",193.398718141522,685.688
"PM1568",193.424416522091,684.557
"PM1569",193.437535782223,673.834
"PM1570",193.457954915941,688.644
"PM1571",193.512360084397,365.9455
"PM1572",193.529549549711,678.512
"PM1573",193.559721730979,683.81
"PM1574",193.594275754942,684.546
"PM1575",193.606211020126,682.939
"PM1576",193.680987011204,688.689
"PM1577",193.707205292362,674.858
"PM1578",193.740013157398,687.78
"PM1581",193.794342943439,676.359
"PM1582",193.805161611532,359.015
"PM1583",193.828255213547,686.519
"PM1584",193.890371013201,681.053
"PM1585",193.915892204632,687.504
"PM1586",193.929803045055,680.475
"PM1587",193.959502626462,686.042
"PM1588",193.97617237853,681.264
"PM1589",194.027685690701,681.477
"PM1591",194.101554113359,418.029
"PM1594",194.113823283741,482.819
"PM1596",194.145949704416,398.986
"PM1598",194.161388965605,581.648
"PM1603",194.294851806416,684.548
"PM1604",194.368543861797,684.546
"PM1606",194.441500395601,688.644
"PM1607",194.452908433498,405.276
"PM1608",194.461844660825,358.049
"PM1609",194.468136400942,681.304
"PM1610",194.517239499316,686.184
"PM1611",194.537395396749,674.744
"PM1612",194.568764149451,695.635
"PM1613",194.587336491758,673.858
"PM1614",194.61934495217,690.338
"PM1617",194.750688545394,674.658
"PM1618",194.826235961206,366.11
"PM1619",194.856816076722,685.16
"PM1620",194.89203935077,688.219
"PM1621",194.899419719707,354.674
"PM1622",194.911749101182,690.256
"PM1623",194.924618762439,679.774
"PM1628",195.047730494309,358.796
"PM1631",195.121970508376,358.4785
"PM1633",195.150072717903,355.46
"PM1634",195.196306032603,359.015
"PM1635",195.221502299058,675.482
"PM1636",195.270575015412,356.4225
"PM1637",195.290186129112,677.142
"PM1638",195.345038892972,357.844
"PM1639",195.347476360742,680.86
"PM1640",195.38977971274,682.564
"PM1641",195.411868009787,687.14
"PM1642",195.463428415365,687.006
"PM1643",195.57038520939,689.428
"PM1644",195.597913686546,682.902
"PM1645",195.616082334557,681.286
"PM1646",195.630218473699,681.723
"PM1647",195.649427584366,684.9
"PM1648",195.661873353704,686.647
"PM1649",195.701395965067,680.317
"PM1650",195.714137145932,684.343
"PM1651",195.77632277987,405.822
"PM1652",195.774235270154,685.344
"PM1653",195.785418009092,358.2395
"PM1654",195.799848191052,696.468
"PM1655",195.831435873364,686.988
"PM1656",195.848118985862,686.184
"PM1657",195.8656841751,682.513
"PM1658",195.911180815322,684.528
"PM1665",196.078584250808,363.9565
"PM1670",196.125335465661,358.3915
"PM1671",196.153531289235,364.7745
"PM1674",196.228446292415,366.394
"PM1677",196.416939883904,682.912
"PM1678",196.436618931207,678.266
"PM1679",196.452330026021,359.1295
"PM1680",196.447612360696,676.837
"PM1681",196.502427204011,685.894
"PM1682",196.565964040078,680.441
"PM1683",196.625828956434,683.806
"PM1684",196.642503756172,692.808
"PM1685",196.690401117399,684.528
"PM1686",196.707047714067,683.724
"PM1687",196.716149803068,683.43
"PM1688",196.809809012179,684.945
"PM1689",196.82919626041,685.834
"PM1704",197.122500746754,356.9415
"PM1706",197.125950460222,358.399
"PM1707",197.156858770809,364.831
"PM1709",197.189211703915,735.354
"PM1715",197.401274776354,694.386
"PM1716",197.416961385484,685.438
"PM1717",197.443984616332,681.286
"PM1718",197.468884940752,686.662
"PM1719",197.494459046496,365.76
"PM1720",197.493714184622,691.596
"PM1725",197.66140618944,684.528
"PM1726",197.745391098411,687.441
"PM1727",197.796313912561,359.586
"PM1728",197.909089066776,681.304
"PM1729",197.919870881435,683.649
"PM1743",198.314872873292,684.126
"PM1744",198.383642899109,686.102
"PM1745",198.428711921191,687.413
"PM1746",198.460727836731,678.434
"PM1747",198.473446993575,357.133
"PM1748",198.50375626698,688.61
"PM1750",198.687139050526,357.221
"PM1751",198.849168598855,365.623
"PM1765",199.09327217698,384.111
"PM1766",199.129236853418,484.3755
"PM1767",199.154143623688,359.582
"PM1768",199.168567125079,841.439
"PM1772",199.316871785308,690.256
"PM1775",200.003990313038,68.9606
"PM1784",200.088549429342,416.76
"PM1788",200.526024101548,358.621
"PM1795",201.108891847811,385.735
"PM1801",202.1793243395,591.758
"PM1802",202.692504452757,692.538
"PM1804",202.881827201987,442.5
"PM1810",203.145907220058,712.774
"PM1811",203.182630859872,591.59
"PM1819",204.101125805377,693.236
"PM1822",204.292542430725,441.6995
"PM1827",205.104419291652,693.124
"PM1828",205.130182827696,527.024
"PM1829",205.14241630313,508.799
"PM1830",205.524575628086,692.538
"PM1831",205.717881811258,441.081
"PM1833",206.153159938779,719.009
"PM1836",207.083040979259,782.634
"PM1837",207.15831290616,442.124
"PM1838",207.239530157547,442.5
"PM1839",207.717710858736,358.621
"PM1843",208.153394624757,468.397
"PM1844",208.161537633075,441.529
"PM1845",208.189726722343,506.879
"PM1846",208.613777596867,441.427
"PM1849",209.137601663302,368.456
"PM1851",209.152358202517,456.484
"PM1853",209.179116672862,358.621
"PM1854",210.045889992728,357.582
"PM1858",210.132829618169,386.02
"PM1859",210.140787896683,370.452
"PM1860",210.169208185946,399.8565
"PM1862",210.600535130632,401.549
"PM1863",210.6559999629,357.844
"PM1864",211.020954861857,358.796
"PM1868",211.168474354064,591.758
"PM1869",211.167936919161,491.5815
"PM1870",211.172555297358,398.419
"PM1871",211.53202436584,357.505
"PM1872",211.571228200087,442.379
"PM1873",212.064451456629,357.615
"PM1875",212.092629394277,403.3
"PM1876",212.148615947052,356.848
"PM1877",212.171815257619,584.518
"PM1878",212.232867440894,358.713
"PM1879",212.517499684672,359.413
"PM1880",213.108382388242,480.428
"PM1881",213.108955973083,403.9355
"PM1882",213.145028979539,505.3795
"PM1883",213.151797832007,355.4675
"PM1884",213.271661045502,357.386
"PM1885",213.6005153307,404.6475
"PM1886",213.657144159263,358.205
"PM1888",214.030098530047,358.345
"PM1890",214.119382972089,673.32
"PM1891",214.148168268601,503.779
"PM1892",214.152976536425,358.566
"PM1893",214.551981935175,359.4585
"PM1894",214.792229450742,355.7485
"PM1900",215.051684051596,922.998
"PM1902",215.08817710318,384.934
"PM1903",215.12464665528,414.593
"PM1905",215.181933092601,357.844
"PM1906",215.210655682177,403.0315
"PM1907",215.558744473553,358.235
"PM1910",216.127793602479,401.7115
"PM1911",216.158531728606,527.742
"PM1912",216.19498353952,650.28
"PM1913",216.329077292337,358.073
"PM1914",216.665143642322,404.6475
"PM1915",216.722962993525,358.566
"PM1916",216.842422119892,358.687
"PM1918",217.016633348483,359.015
"PM1921",217.103939243562,358.524
"PM1922",217.106018722876,513.4915
"PM1923",217.142514986062,383.3355
"PM1924",217.161509035915,789.596
"PM1925",217.178995677389,702.494
"PM1926",217.178964565603,659.718
"PM1927",217.191020482374,359.244
"PM1928",217.365566882151,357.844
"PM1930",217.882500722921,359.3555
"PM1934",218.107211867033,357.7555
"PM1935",218.108838890697,511.8635
"PM1936",218.116786516106,782.248
"PM1937",218.153042938766,786.412
"PM1938",218.164728464905,789.864
"PM1939",218.222108582589,403.3
"PM1940",218.665682880957,358.35
"PM1944",219.107892122413,357.386
"PM1945",219.12010267828,782.55
"PM1946",219.144093084445,391.009
"PM1949",219.452705447909,357.6415
"PM1950",219.796040254643,402.763
"PM1952",220.153323976441,415.299
"PM1953",220.168808481189,807.055
"PM1954",220.244368936185,358.35
"PM1956",221.039988457074,356.52
"PM1958",221.098718769201,853.936
"PM1959",221.152684256012,526.113
"PM1960",221.173476663634,457.529
"PM1961",221.291132662692,356.7405
"PM1962",221.840181619489,359.1295
"PM1969",222.16879134137,505.2915
"PM1970",222.169029359217,384.717
"PM1971",222.184399934652,982.595
"PM1974",222.8983791509,357.386
"PM1976",223.0958305104,649.664
"PM1977",223.153075268378,379.559
"PM1978",223.453406427002,359.582
"PM1979",224.098953312448,646.15
"PM1981",224.184692485297,434.442
"PM1988",225.187886761691,440.739
"PM1989",226.11171532196,427.923
"PM1990",226.163895190715,368.1415
"PM1993",227.123877459482,501.5255
"PM1995",227.163118533371,461.642
"PM1996",227.174416254648,470.2085
"PM1997",228.148756076383,696.71
"PM2000",228.194999594419,1362.44
"PM2002",229.067354009097,991.696
"PM2004",229.140068977393,443.2705
"PM2012",230.142246699847,442.924
"PM2014",230.185374164543,471.036
"PM2016",230.755240022456,684.569
"PM2018",231.119384593487,369.469
"PM2019",231.158164594267,600.136
"PM2026",233.053712863233,491.628
"PM2027",233.077561923291,357.386
"PM2029",233.173616158038,465.983
"PM2030",233.189082898763,843.105
"PM2031",233.210268774009,639.681
"PM2032",233.791828543041,512.347
"PM2035",234.132456608989,509.3925
"PM2037",234.220967332585,1409.04
"PM2038",234.847119668311,357.844
"PM2039",235.114193022503,928.402
"PM2040",235.13524166286,506.746
"PM2041",235.152730199028,436.968
"PM2042",235.537501289061,511.847
"PM2043",236.111412762747,452.0455
"PM2049",236.604642906301,357.719
"PM2053",237.168568595362,389.446
"PM2054",237.195107140561,674.373
"PM2055",237.302713170742,511.007
"PM2056",238.106482127725,635.03
"PM2057",238.163855715898,386.17
"PM2058",238.20026473348,408.3515
"PM2059",238.381999893038,357.719
"PM2060",238.987135990493,512.607
"PM2061",239.087865999806,510.657
"PM2062",239.126791548615,574.897
"PM2065",239.163149587039,533.24
"PM2066",239.188679281276,512.283
"PM2067",239.203490065622,401.123
"PM2071",240.091034188373,511.102
"PM2073",240.13291638007,475.078
"PM2077",240.179517479849,358.4755
"PM2078",240.280798461732,357.844
"PM2079",240.893364037765,511.189
"PM2081",240.997795020318,512.963
"PM2088",241.128764539611,500.5165
"PM2094",241.182824596042,356.883
"PM2097",242.719198187077,511.435
"PM2098",243.020635661411,338.307
"PM2099",243.154396218042,455.3385
"PM2100",243.835743689435,358.0035
"PM2103",244.56608656072,512.4325
"PM2104",245.134873012945,380.811
"PM2105",245.695337694657,357.386
"PM2107",246.168736135632,471.322
"PM2108",247.15288071438,461.211
"PM2109",247.168189186873,606.057
"PM2110",247.225832976179,688.922
"PM2111",248.184443023821,419.551
"PM2112",248.236477230912,1438.53
"PM2113",249.131648464863,437.382
"PM2114",249.155642300941,476.788
"PM2115",249.18398744458,696.788
"PM2116",249.204514735074,511.101
"PM2117",250.132914459814,1242.76
"PM2119",250.190470315081,671.956
"PM2120",250.252157490393,1554.93
"PM2122",251.124297640114,335.705
"PM2124",251.123699964356,479.4355
"PM2125",251.160444472525,490.477
"PM2126",251.184250268322,410.1015
"PM2128",251.195287723645,399.6955
"PM2130",252.122027296681,658.496
"PM2132",252.215678937159,444.7685
"PM2134",253.162963756965,364.067
"PM2135",253.174759262868,357.005
"PM2142",255.061370462459,517.35
"PM2143",255.154993612718,474.563
"PM2146",256.179890764058,697.794
"PM2151",257.098527930255,335.279
"PM2152",257.133649476125,440.204
"PM2154",258.278556580355,1449.535
"PM2158",259.150388836001,389.166
"PM2159",259.189406508572,795.83
"PM2161",260.043534580799,516.286
"PM2165",261.108759614343,575.432
"PM2168",261.14762219975,1362.52
"PM2172",262.252072788485,1450.44
"PM2177",263.255556874558,1467.305
"PM2182",264.179469923251,464.944
"PM2183",264.252363627163,687.732
"PM2184",264.267780165819,1586.33
"PM2187",265.135893604905,781.986
"PM2188",265.210614419996,443.384
"PM2191",266.128309644451,1416.95
"PM2192",266.137769815901,686.923
"PM2194",266.230946746309,503.775
"PM2196",267.155461722624,461.743
"PM2198",267.171077038819,668.646
"PM2199",267.194484380077,690.542
"PM2201",268.158859182814,466.0845
"PM2203",268.174306453103,679.332
"PM2204",268.197858855129,690.725
"PM2212",269.134711769844,464.977
"PM2213",269.17508159812,696.684
"PM2214",269.207607140309,689.384
"PM2218",270.107528461528,465.548
"PM2220",270.278226930439,1169.09
"PM2221",270.314815191395,1661.21
"PM2226",271.317952440603,1661.21
"PM2233",273.166197477341,408.6545
"PM2243",275.111049198076,438.6895
"PM2244",275.145446791066,377.773
"PM2245",275.184241521985,537.225
"PM2246",275.214169038682,785.138
"PM2249",276.267675262146,1482.8
"PM2250",277.271198756097,1482.37
"PM2255",278.268095394387,754.986
"PM2256",278.283323658746,1604.22
"PM2260",279.158361722568,1362.5
"PM2262",280.161566684642,1362.46
"PM2267",281.059527974355,421.829
"PM2271",285.227056226326,472.788
"PM2273",286.230584038275,473.673
"PM2275",287.120304390075,993.263
"PM2276",287.199555368506,873.289
"PM2277",287.220706615652,842.116
"PM2283",288.288723845965,1315.265
"PM2284",289.152837164612,679.452
"PM2285",289.161024952064,385.448
"PM2286",289.176146920385,690.015
"PM2288",290.231198428796,458.302
"PM2289",290.283448496388,1494.24
"PM2291",291.106484253876,491.788
"PM2292",291.230686022227,1046.995
"PM2293",291.230712424276,1284.2
"PM2294",291.251873415652,633.7
"PM2295",291.286895183941,1496.635
"PM2296",292.127975994377,554.166
"PM2297",292.234101827061,1047.32
"PM2298",292.298906685098,1617.915
"PM2300",293.167122198523,922.796
"PM2302",293.170975734375,493.531
"PM2303",293.246381425352,1161.3
"PM2307",297.165836203059,519.984
"PM2308",297.241448926291,855.197
"PM2312",299.108654321385,478.403
"PM2317",301.139941620563,891.532
"PM2318",302.143208383786,895.957999999998
"PM2324",303.085260191685,852.686
"PM2325",303.085347208552,896.39
"PM2331",304.247072988526,841.987
"PM2332",304.299077133129,1503.37
"PM2335",305.250530759943,841.688
"PM2336",305.30261442311,1506.76
"PM2342",306.314617609774,1626.26
"PM2343",308.132656936255,461.246
"PM2344",308.25730009088,1046.87
"PM2345",308.278247608594,634.702
"PM2346",309.129584824093,539.231
"PM2348",309.241340989168,844.924
"PM2353",311.257019929742,1167.77
"PM2354",312.228749993317,675.762
"PM2355",312.252107518518,691.944
"PM2356",312.260352031332,1166.515
"PM2357",312.325172421401,1376.56
"PM2363",313.212675340898,1048.185
"PM2365",313.2553902943,691.296
"PM2367",313.32030282646,1374.29
"PM2374",316.210932488311,690.448
"PM2381",318.190040622803,539.944
"PM2382",318.314756112564,1512.55
"PM2383",319.185266322048,655.164
"PM2384",319.192994399824,540.0515
"PM2386",320.254953106715,964.274
"PM2387",320.330273036176,1628.81
"PM2388",321.090700115153,509.23
"PM2389",321.204982764936,1068.2
"PM2391",322.309547612117,1465.05
"PM2394",323.145415349539,535.9175
"PM2398",325.223844325643,675.678
"PM2399",325.247377851645,691.077
"PM2401",326.250466643362,690.747
"PM2419",333.238789815659,1166.47
"PM2423",334.345615187741,1630.73
"PM2428",336.200674967973,1765.595
"PM2430",336.252135718303,656.146
"PM2431",336.288489103842,1046.87
"PM2432",336.309338684149,634.438
"PM2435",337.185862911301,547.469
"PM2436",338.303988346311,1161.305
"PM2446",341.351612517148,1410.83
"PM2457",346.309457242839,1377.98
"PM2458",346.346036521053,1522.75
"PM2459",347.313043832288,1378.96
"PM2462",348.325175170684,1522.77
"PM2463",348.361323397418,1633.06
"PM2464",349.283481363322,1045.57
"PM2465",349.28351012177,1279.82
"PM2466",349.304912001538,635.058
"PM2468",349.364485555441,1632.49
"PM2470",350.181176481603,548.008
"PM2471",350.325489618807,740.51
"PM2478",351.299231450775,1170.38
"PM2481",352.159069375477,436.202
"PM2483",352.283381815177,839.395
"PM2484",352.304388504691,596.51
"PM2488",353.267711906296,722.017
"PM2493",355.068713848712,1308.18
"PM2501",356.325759270376,950.616
"PM2502",356.351296114632,1497.83
"PM2503",357.11412057138,438.35
"PM2506",357.259978923837,596.856
"PM2510",359.105313735391,883.712
"PM2515",360.322543553908,1402.45
"PM2516",360.361524919054,1529.75
"PM2521",361.328366454095,1401.9
"PM2522",361.36434756596,1529.36
"PM2526",362.239944983761,473.238
"PM2527",362.340658970802,1539.67
"PM2528",362.376886093908,1638.185
"PM2529",362.844187430398,872.587
"PM2532",363.175771524865,510.624
"PM2534",363.38039278388,1636.94
"PM2538",364.231982756884,1796.345
"PM2539",364.356328872365,1501.815
"PM2540",365.27864261185,842.406
"PM2541",366.180129224232,1479.315
"PM2549",369.310026362654,1166.53
"PM2553",370.313362607692,1165.84
"PM2554",370.831119620744,1362.44
"PM2555",370.856010738832,1361.905
"PM2560",373.146011402193,1361.94
"PM2566",374.377014684082,1534.7
"PM2568",375.132637396201,871.023
"PM2569",375.380607895516,1533.28
"PM2572",376.133708254504,873.907
"PM2578",376.356126062417,1552.005
"PM2579",376.392676854176,1640.785
"PM2580",376.65179598844,871.182
"PM2581",376.671084654482,1362.78
"PM2584",377.267301719184,1330.49
"PM2586",377.396096415255,1639.48
"PM2587",377.865497266032,1362.56
"PM2588",377.890689999232,1363.06
"PM2589",378.372108580972,1508.9
"PM2590",378.79963379222,868.146
"PM2591",379.649827454876,683.779
"PM2592",379.899344172932,884.943
"PM2593",380.190545063131,442.528
"PM2594",380.1960432515,1362.88
"PM2598",380.246355211422,1362.46
"PM2600",381.298550788475,1038.01
"PM2601",381.483501727079,1362.365
"PM2602",382.053061288255,1362.91
"PM2605",382.301913458205,1039.48
"PM2610",383.872839818401,1362.53
"PM2613",384.270966991277,683.779
"PM2614",384.273362869192,725.407
"PM2615",384.847631362259,1362.56
"PM2616",384.89949403635,877.144
"PM2618",385.274314662928,684.64
"PM2619",385.304792396513,841.926
"PM2620",385.705510668879,1362.88
"PM2623",387.212595329087,294.166
"PM2624",387.551191561475,1362.46
"PM2625",388.114602463222,732.706
"PM2626",388.216101675511,294.227
"PM2630",388.392938241017,1538.08
"PM2631",388.540189424713,1362.45
"PM2632",389.110441796264,583.104
"PM2633",389.396064659799,1537.66
"PM2634",389.410433475471,1363.19
"PM2635",390.109846334863,584.731
"PM2637",390.408467572294,1644.25
"PM2638",390.65088159763,1363.56
"PM2639",390.660401880998,682.528
"PM2640",391.072069079958,1362.2
"PM2641",391.106978027722,588.213
"PM2642",391.283108199176,1362.5
"PM2644",391.411765919611,1643.38
"PM2645",391.49394096593,1362.58
"PM2646",391.599106851456,730.26
"PM2647",391.916660810688,1362.725
"PM2648",392.074602012407,1362.305
"PM2651",392.286058139217,1362.46
"PM2652",392.414968365092,1644.78
"PM2653",392.498010327779,1363.19
"PM2654",393.16899247419,1362.45
"PM2655",393.1853042086,419.506
"PM2657",393.289724283765,1362.44
"PM2659",394.294480331169,1363.71
"PM2660",394.351637741011,677.852
"PM2661",395.068818500665,1362.485
"PM2663",395.389640745067,729.821
"PM2664",396.086645955326,1362.6
"PM2666",396.330456693946,567.814
"PM2667",396.363735868723,731.798
"PM2669",396.982409871202,1362.47
"PM2680",398.909861227761,1362.46
"PM2685",399.942655258602,1362.53
"PM2686",400.851356525184,1362.5
"PM2688",401.267540722318,1360.99
"PM2690",401.464986488074,1362.3
"PM2691",402.408232370279,1541.29
"PM2692",402.80727039055,1362.58
"PM2696",403.357780108214,726.652
"PM2697",403.411744717704,1541.31
"PM2698",403.85518893961,1363.32
"PM2699",404.14068116841,726.652
"PM2701",404.41507397802,1541.31
"PM2702",404.423652227039,1645.9
"PM2703",405.109915945436,732.423
"PM2704",405.142934220222,730.691
"PM2706",405.224427439417,1362.5
"PM2707",405.399973526514,1361.43
"PM2708",405.427497073073,1645.94
"PM2710",406.430364289603,1645.33
"PM2711",406.761975359789,1362.455
"PM2712",407.09716869983,729.821
"PM2713",407.277998197778,1028.6
"PM2716",408.247540286151,752.807
"PM2718",408.761292652439,1361.91
"PM2719",409.098556484142,729.821
"PM2723",409.195107097829,293.314
"PM2732",413.035856764459,1362.165
"PM2733",413.251919531159,1363.18
"PM2734",413.264749357961,1362.5
"PM2736",413.493668029726,1362.725
"PM2737",414.268277109686,1362.47
"PM2739",415.271392201026,1362.41
"PM2742",416.42369301188,1543.96
"PM2745",417.374572152544,1362.465
"PM2746",417.41972321733,1486.67
"PM2747",417.427226897409,1542.61
"PM2748",418.278773069486,549.334
"PM2749",418.393168038129,1361.255
"PM2750",418.430290750038,1543.94
"PM2751",418.439304921476,1645.77
"PM2756",419.442652758693,1644.63
"PM2760",420.445743402982,1644.69
"PM2768",421.546364527838,1362.465
"PM2771",422.57990706151,1363.36
"PM2772",423.233808477373,514.609
"PM2773",424.237247089572,555.903
"PM2781",425.780929605838,1362.82
"PM2782",426.122180114236,726.383
"PM2785",427.233956463882,814.445
"PM2786",427.377292928315,1399.09
"PM2787",428.26651453828,820.5
"PM2788",428.380737113649,1399.37
"PM2789",428.388097911418,1470.06
"PM2791",429.238518637047,1362.44
"PM2793",429.390889006639,1470.06
"PM2794",430.242403518296,727.448
"PM2795",430.242272741511,1362.04
"PM2799",430.439667495088,1545.555
"PM2801",431.24552785302,728.274
"PM2803",431.350765308298,1469.57
"PM2804",431.442645043333,1544.585
"PM2807",432.455438356497,1645.74
"PM2813",433.458674935752,1644.57
"PM2819",436.322660059587,1362.88
"PM2820",436.340843638751,1361.91
"PM2821",437.343887443761,1361.645
"PM2823",438.347219261342,1361.11
"PM2824",439.20880581693,529.005
"PM2825",440.211225777376,537.919
"PM2828",441.319257849918,1036.74
"PM2831",442.403234403346,1477.02
"PM2833",444.40308003839,1398.14
"PM2834",444.418628430244,1580.11
"PM2835",444.454876248218,1546.38
"PM2839",445.266333426761,301.486
"PM2840",445.406873759113,1399.37
"PM2841",445.458774691129,1546.6
"PM2843",446.268951640153,300.9555
"PM2845",446.471025981772,1643.54
"PM2846",447.474279255269,1643.23
"PM2847",449.335774448476,1361.87
"PM2849",450.339008118982,1361.465
"PM2850",453.337591800867,450.675
"PM2851",453.344181939776,454.412
"PM2853",454.347817781746,452.695
"PM2854",454.460623359546,1488.13
"PM2859",458.470830539586,1547.93
"PM2860",459.30503632431,554.703
"PM2861",460.361744447353,1339.88
"PM2862",460.486093522647,1644.66
"PM2866",461.489983186954,1642.405
"PM2870",463.315759180868,1041.83
"PM2871",465.317651005373,1336.55
"PM2872",465.331211927993,1025.75
"PM2873",467.178788404269,284.7225
"PM2875",468.182634370589,282.618
"PM2876",468.439512357451,1572.605
"PM2878",470.455535520593,1466.22
"PM2879",472.434916534527,1398.73
"PM2880",472.486531875799,1549.175
"PM2882",474.501599449816,1643.23
"PM2883",475.326236031051,456.986
"PM2884",476.329674643433,455.193
"PM2885",476.356506368083,914.168
"PM2886",476.371768208743,1358.63
"PM2887",477.374488544574,1354.37
"PM2891",482.491413407823,1490.6
"PM2893",485.43011658728,1398.075
"PM2895",488.517422398209,1640.92
"PM2896",489.160868317574,280.964
"PM2898",490.387577065441,1358.73
"PM2899",493.387997599469,1450.66
"PM2902",494.391215262235,1451.88
"PM2905",496.471584353289,1464.1
"PM2906",497.322387376529,1356.55
"PM2908",498.402846118551,458.682
"PM2909",498.487015656989,1474
"PM2912",502.409060840518,1323.2
"PM2915",504.324441835033,460.7465
"PM2916",505.328109570042,459.3105
"PM2919",507.09289075118,1041.5
"PM2920",507.365035714324,1321.995
"PM2926",509.38220755716,1437.945
"PM2928",511.398031663784,455.957
"PM2930",512.683230742182,1041.86
"PM2931",514.408714967739,1305.99
"PM2936",517.383625754088,925.842
"PM2937",518.367755204977,1038.96
"PM2938",518.386110639018,932.3
"PM2939",519.370848735787,1040.34
"PM2944",523.323245296657,1040.69
"PM2947",524.326537919521,1038.96
"PM2951",528.424283206816,1333.01
"PM2952",529.42776851964,1333.52
"PM2953",530.022626527697,1040.57
"PM2956",532.35652661532,451.49
"PM2959",533.380148881941,1332.175
"PM2961",534.383579364458,1331.815
"PM2964",536.575756781798,1500.34
"PM2965",537.352165243857,1337.72
"PM2968",537.578199737937,1499.07
"PM2969",538.355946260981,1340.01
"PM2974",540.425401427355,1349.32
"PM2975",543.436105991482,1323.12
"PM2976",545.351193082405,458.9345
"PM2977",546.355502472115,457.598
"PM2978",546.399138655427,1037.945
"PM2988",553.024077062027,1039.3
"PM2991",554.44025856259,1470.88
"PM2992",554.440238545022,1345.86
"PM2993",554.549563179648,1638.98
"PM2994",559.393226533393,1037.71
"PM2995",560.397086170088,1037.51
"PM2996",561.399659536357,1035.14
"PM3003",565.601338392013,1510.3
"PM3005",565.874284694306,1033.07
"PM3006",566.549660299926,1472.02
"PM3008",566.604450830743,1509.51
"PM3011",568.565573976011,1476.37
"PM3012",569.45100988744,1330.555
"PM3013",570.454867117005,1331.56
"PM3014",575.501852817677,1431.05
"PM3018",578.378497599324,1336.32
"PM3023",582.471098742416,1484.845
"PM3028",588.373390077041,587.83
"PM3033",593.59715122888,1487.1
"PM3037",595.803202069438,1305.88
"PM3038",596.768073587608,1305.9
"PM3040",597.731107782878,1305.93
"PM3042",601.517306549888,1432.46
"PM3043",601.517271020966,1475.9
"PM3044",602.520640090596,1431.875
"PM3045",602.520550620946,1475.69
"PM3046",602.929218583468,1305.91
"PM3047",603.40174295008,396.592
"PM3048",603.403529067469,462.902
"PM3049",603.533351906127,1471.47
"PM3051",603.911494539977,1307.03
"PM3053",604.409023261242,467.423
"PM3054",610.18236653845,1304.815
"PM3055",611.182240060719,1304.84
"PM3056",612.179188563249,1304.81
"PM3057",613.178650764043,1305.705
"PM3058",614.17522914038,1305.88
"PM3059",614.407675659641,703.964
"PM3060",617.51235598292,1471.06
"PM3061",617.512451970324,1428.34
"PM3062",617.568691091903,1306.92
"PM3063",618.515067585746,1472.64
"PM3064",618.587019308147,1305.335
"PM3065",619.527605199352,1428.34
"PM3066",619.602507186289,1303.62
"PM3067",620.531672338407,1428.74
"PM3069",623.654346915123,1509.51
"PM3070",624.234428275169,1327.885
"PM3071",624.658366587342,1509.365
"PM3072",625.0884984764,1304.175
"PM3073",626.126968590997,1305.91
"PM3074",626.230031853247,1328.52
"PM3075",626.534557278013,1429.62
"PM3076",627.161125639695,1304.76
"PM3077",628.549252824588,1433.34
"PM3078",629.552332630622,1433.13
"PM3079",632.747959918374,1304.2
"PM3080",633.506990115729,1429.855
"PM3081",635.522739696442,1432.58
"PM3082",636.526206048425,1432.41
"PM3083",636.555065255958,1444.645
"PM3086",638.307260796481,1384.39
"PM3087",638.569862712553,1450.64
"PM3088",639.574285771349,1449.765
"PM3089",642.492553171777,1360.635
"PM3090",650.534035161819,1430.42
"PM3092",652.550166571399,1430.42
"PM3093",653.552737318203,1431.105
"PM3094",654.329723245394,1385.58
"PM3095",654.492144830597,1348.645
"PM3096",654.56525832253,1433.86
"PM3097",655.332999502981,1384.92
"PM3098",655.568836775616,1434.28
"PM3100",656.507506404754,1373.49
"PM3101",656.572223657954,1433.73
"PM3102",656.580734763821,1446.125
"PM3103",657.504516361246,1429.86
"PM3104",658.508925811312,1430.135
"PM3105",658.855065732699,1326.85
"PM3107",659.519787260151,1433.255
"PM3108",659.80046437885,1327.445
"PM3109",660.523412969004,1433.38
"PM3110",660.743148691422,1327.45
"PM3111",661.463575039635,1369.47
"PM3112",662.468896398896,1369.63
"PM3117",666.528167704204,1404.89
"PM3118",667.14554621571,1326.86
"PM3119",667.559856619111,1429.105
"PM3120",668.108846169582,1327.14
"PM3121",668.508691890235,1366.785
"PM3122",668.54418969012,1399.7
"PM3123",669.068950159926,1326.75
"PM3124",670.56043414614,1414.2
"PM3125",671.349401431652,1329.23
"PM3126",671.484424144328,1397.37
"PM3127",671.563382946828,1416.34
"PM3128",672.57687155887,1418.3
"PM3129",673.499676058086,1398.73
"PM3130",675.591728344632,1326.83
"PM3132",676.57335444444,1326.82
"PM3133",677.553154242166,1326.88
"PM3136",679.875921293123,1325.39
"PM3139",680.580935074113,1434.27
"PM3141",681.502006960479,1335.72
"PM3144",682.523612403567,1379.3
"PM3145",682.595835641803,1438.76
"PM3147",683.519583540101,1327.45
"PM3148",683.526764492072,1377.93
"PM3149",683.71356550717,1328.47
"PM3150",684.201175826558,1326.86
"PM3151",684.501850948733,1312.23
"PM3152",684.540237700836,1389.99
"PM3153",684.543742336963,1372.9
"PM3154",684.688974918674,1327.355
"PM3155",685.20165890897,1326.815
"PM3157",686.198755756776,1326.83
"PM3158",686.554558432387,1437.48
"PM3159",687.197911725798,1326.6
"PM3160",687.478797912997,1379.01
"PM3161",688.195261335447,1326.755
"PM3162",688.567575161899,1326.685
"PM3163",689.195146037465,1326.795
"PM3164",690.157719743913,1327.29
"PM3166",691.526608030322,961.972
"PM3167",692.530506101176,962.712
"PM3168",692.976078307299,1326.88
"PM3169",693.533937539682,963.006
"PM3170",693.57655018093,1429.68
"PM3171",693.995818411338,1327.64
"PM3172",694.524285781109,1387.88
"PM3173",694.579593704424,1431.02
"PM3174",695.012376538396,1326.76
"PM3175",695.356912554259,1384.72
"PM3176",695.517527813253,1345.31
"PM3177",695.591212132739,1435.405
"PM3179",696.541711191329,1383.01
"PM3180",696.594949016157,1434.075
"PM3181",697.533417656699,1369.115
"PM3182",698.217859597506,1327.94
"PM3183",698.25317168706,1344.21
"PM3184",698.519040015211,1331.04
"PM3185",698.538162631444,1370.79
"PM3186",699.253604480551,1344.535
"PM3187",699.520981954039,1332.665
"PM3189",700.214870789107,1329.4
"PM3190",701.457474504538,1325.44
"PM3191",701.919284507373,1326.85
"PM3193",702.958875877485,1326.81
"PM3195",703.474218403244,1329.52
"PM3196",704.475097598472,1331.875
"PM3198",708.539819412605,1394.77
"PM3201",709.571951073579,1392.335
"PM3202",710.519859342053,1343.26
"PM3203",711.038448190244,1327.45
"PM3205",712.098302888128,1326.44
"PM3206",712.232643740144,1325.5
"PM3207",712.513365777829,970.543
"PM3208",712.532940844285,1345.84
"PM3210",713.155054521346,1328.28
"PM3211",713.231854565681,1325.64
"PM3212",713.509362546492,970.21
"PM3213",714.229326849237,1327.43
"PM3214",714.513851816189,970.106
"PM3216",715.517537222027,972.243
"PM3222",723.551514453092,1379.66
"PM3223",724.557740507011,1379.54
"PM3224",724.606913279251,1442.055
"PM3225",725.228596105212,1324.41
"PM3226",725.231785076826,1309.29
"PM3227",725.533217848867,1307.015
"PM3228",725.569195599654,1391.41
"PM3229",726.228692218167,1324.41
"PM3232",726.622879608381,1447.38
"PM3233",727.227163466955,1325.55
"PM3235",727.625921963354,1447.45
"PM3236",728.22489697267,1325.88
"PM3238",728.694040161389,1344.5
"PM3239",730.507850637874,1350.04
"PM3240",735.463103397816,1352.37
"PM3242",737.529838703784,1316.795
"PM3243",738.341649415159,1344.425
"PM3244",738.621740354111,1445.735
"PM3245",738.658353713284,1467.54
"PM3246",739.303292979642,1343.8
"PM3247",739.544562641076,1330.945
"PM3248",739.625517401543,1445.49
"PM3249",740.262485198832,1344.645
"PM3250",740.54999041562,1329.425
"PM3251",740.638401266421,1450.42
"PM3252",741.642691251064,1449.49
"PM3255",747.565246219702,1347.46
"PM3256",748.182048027453,1343.83
"PM3257",748.569916731563,1348.015
"PM3258",749.161810033323,1344.08
"PM3260",750.139436076878,1344.215
"PM3261",750.62220062405,1443.625
"PM3262",750.659544266513,1466.89
"PM3263",751.543920715845,1339.23
"PM3264",751.564533501529,1398.29
"PM3265",751.626549974957,1443.3
"PM3266",751.661602068043,1466.69
"PM3267",752.637390766365,1447.885
"PM3268",753.641837930045,1448.455
"PM3270",754.617797600239,1431.79
"PM3271",754.654476532007,1452.53
"PM3274",755.658120567872,1451.835
"PM3276",757.594853838087,1446.525
"PM3277",758.218935493495,1344.34
"PM3278",758.225045207041,1364.1
"PM3279",759.220443855199,1344.615
"PM3281",760.217923947228,1344.52
"PM3283",761.129738577138,1451.41
"PM3284",761.217497863153,1344.26
"PM3287",762.214936172209,1344.29
"PM3288",763.214653385155,1344.21
"PM3289",764.209732056631,1344.37
"PM3290",764.638263357411,1446.775
"PM3291",764.674040076734,1469.645
"PM3292",765.642382645494,1446.395
"PM3293",765.678192043114,1470.05
"PM3295",766.617339154283,1430.95
"PM3296",766.653265527099,1450.64
"PM3298",767.233443424353,927.768
"PM3299",767.233100707312,829.261
"PM3300",767.621744224827,1429.85
"PM3301",767.657547163196,1450.66
"PM3302",768.231655306203,871.321
"PM3303",768.235787901256,830.876
"PM3305",768.46068414842,1344.34
"PM3306",768.632794627284,1434.63
"PM3307",768.658020954911,1449.885
"PM3308",768.671764399921,1458.43
"PM3310",769.480547948977,1344.12
"PM3311",769.573190580107,1131.44
"PM3312",769.594336078476,1445.415
"PM3313",769.637336218329,1434.96
"PM3314",769.673570709453,1457.23
"PM3315",770.498366484263,1343.17
"PM3316",770.576811894681,1132.15
"PM3317",770.649203804807,1444.33
"PM3318",771.430991628251,1451.655
"PM3319",771.610340053196,1450.31
"PM3320",772.236088825407,1343.37
"PM3321",772.394514386383,1451.76
"PM3322",772.611681997471,1450.73
"PM3323",774.277832865114,1347.45
"PM3324",774.284190304576,1360.04
"PM3325",775.28666016213,1359.655
"PM3326",776.638228489534,1447.38
"PM3327",777.641898561033,1447.72
"PM3328",778.617193821942,1432.62
"PM3329",778.653648001103,1449.41
"PM3330",778.911534839884,1344.335
"PM3331",779.656900737352,1449.41
"PM3332",779.952342929529,1344.285
"PM3333",780.632673956966,1433.135
"PM3334",780.669622561509,1452.55
"PM3335",780.990960957666,1344.595
"PM3336",781.635868410812,1434.375
"PM3337",781.672688438826,1453.39
"PM3338",781.940603253733,1452.035
"PM3339",782.648378702851,1437.25
"PM3340",782.674216819793,1452.36
"PM3341",782.688194824919,1457.7
"PM3342",782.923939516121,1452
"PM3343",783.608046376515,1449.58
"PM3344",783.651782619804,1437.845
"PM3345",783.688824379393,1459.96
"PM3346",784.612648046981,1448.54
"PM3347",784.653313157252,1438.725
"PM3348",785.588348668807,1433.24
"PM3349",785.625310568458,1452.885
"PM3350",786.251821147923,1342.94
"PM3351",786.591985527289,1435.07
"PM3352",786.784147036633,1440.12
"PM3353",787.254113703669,1344.01
"PM3354",787.604781113085,1437.18
"PM3355",788.248255157959,1343.03
"PM3356",788.608425693254,1437.36
"PM3357",788.637854439034,1444.04
"PM3358",789.574970634873,1344.8
"PM3359",789.621330426232,1427.495
"PM3360",790.638617488066,1345.7
"PM3361",790.654591490245,1448.875
"PM3362",791.310631560095,1361.98
"PM3363",791.658668351904,1449.43
"PM3364",792.592928402283,1363.55
"PM3365",792.63188526251,1434.27
"PM3366",792.668791441146,1451.67
"PM3367",792.705879518427,1475.28
"PM3368",793.635658437529,1434.25
"PM3369",793.672477985383,1451.67
"PM3370",794.648456344897,1435.405
"PM3371",794.672780920237,1450.415
"PM3372",794.686740895094,1456.81
"PM3374",795.652271490625,1435.43
"PM3375",795.689905345324,1457.89
"PM3376",796.265884273982,1359.89
"PM3377",796.621057065478,1407.46
"PM3378",796.635055888337,1413
"PM3379",796.665777651695,1441.59
"PM3380",796.691696384918,1454.71
"PM3381",796.703480414951,1464.975
"PM3383",797.624480400882,1451.625
"PM3384",797.669197441619,1440.95
"PM3385",797.704384061686,1462.545
"PM3386",798.591555738627,1362.57
"PM3387",798.59235601531,1433.34
"PM3388",798.629612521665,1452.36
"PM3389",798.645360106998,1423.6
"PM3390",799.247348826657,1343.01
"PM3391",799.595596641728,1363.77
"PM3392",799.604158252984,1435.66
"PM3393",799.630393334407,1450.44
"PM3394",800.248446790676,1343.045
"PM3395",800.606553849045,1434.8
"PM3396",801.244632107781,1343.47
"PM3397",801.590654729174,1407.36
"PM3398",801.621352801665,1440.94
"PM3400",802.245508890132,1343.37
"PM3402",803.244736968085,1343.2
"PM3403",803.531929303562,1373.26
"PM3404",803.546277499452,1363.065
"PM3405",803.619106565712,1451.58
"PM3406",804.548959584148,1363.06
"PM3407",804.632956136232,1437.405
"PM3408",804.668090494423,1455.855
"PM3409",805.552234248934,1363.3
"PM3411",805.672143939625,1455.93
"PM3412",806.649290733689,1436.52
"PM3413",806.684891495849,1454.91
"PM3414",807.65318150793,1436.54
"PM3415",807.677007231326,1447.14
"PM3416",807.691927652858,1456.635
"PM3417",808.635754473861,1411.185
"PM3418",808.663625122712,1439.09
"PM3419",808.701690209381,1461.45
"PM3420",809.667149510906,1438.74
"PM3421",809.705344085613,1459.54
"PM3422",810.641625011125,1428.87
"PM3423",810.668288321308,1438.375
"PM3424",810.681004794038,1446.41
"PM3425",810.718703937466,1463.57
"PM3426",811.683915229117,1447.415
"PM3427",812.607516693355,1436.52
"PM3428",812.684933755467,1445.05
"PM3429",813.590856937836,1408.85
"PM3430",813.619113325126,1439.095
"PM3431",814.623586212673,1438.92
"PM3432",814.795706484718,1451.535
"PM3433",815.60676248455,1411.33
"PM3434",815.841566111898,1452
"PM3436",818.647327364428,1443.57
"PM3437",818.68560498501,1457.49
"PM3439",819.677140211897,1448.635
"PM3440",819.688867232142,1456.81
"PM3441",820.634104775534,1419.25
"PM3442",820.665639155939,1444.595
"PM3443",820.70112811471,1457.89
"PM3444",821.668130203645,1445.34
"PM3445",821.704379168778,1457.415
"PM3446",822.648320753497,1422.765
"PM3447",822.680137857646,1442.83
"PM3448",822.716356981728,1463.77
"PM3449",823.639166457795,1429.035
"PM3450",823.654643775241,1416.34
"PM3451",823.685535593868,1442.52
"PM3452",823.721286864548,1462.31
"PM3453",824.658691646618,1430.68
"PM3454",824.69780035899,1449.425
"PM3455",825.589718732434,1418.14
"PM3456",825.620110453338,1442.06
"PM3457",825.670952575359,1420.73
"PM3458",825.699751092187,1448.54
"PM3459",826.209417496604,1451.03
"PM3460",826.675550520569,1430.79
"PM3461",827.249631956714,726.652
"PM3462",827.253593357996,766.676
"PM3463",827.605172490311,1413.88
"PM3464",828.257472710935,745.348
"PM3465",828.608796035117,1414.84
"PM3467",829.606334437317,1417.96
"PM3468",829.621192696922,1419.67
"PM3469",830.624760167519,1418.405
"PM3470",830.684372756448,1459.31
"PM3471",831.468305055001,1439.09
"PM3472",832.243690890525,1358.1
"PM3473",832.3372084289,1359.52
"PM3474",832.663478154599,1446.065
"PM3475",832.699796836161,1459.54
"PM3476",833.243275403937,1357.755
"PM3478",833.695474348196,1451.23
"PM3479",834.240519452527,1356.855
"PM3480",834.681682915344,1444.53
"PM3481",834.697719696147,1455.15
"PM3482",835.239724726366,1357.59
"PM3483",835.673452898154,1433.78
"PM3484",835.684964439242,1442.97
"PM3486",836.236718784293,1357.79
"PM3487",836.614068071153,1395.035
"PM3488",836.630140976596,1394.09
"PM3489",836.66692397986,1425.35
"PM3490",836.695140239948,1445.775
"PM3491",836.702863873263,1443.95
"PM3492",836.731636040307,1467.07
"PM3493",837.66131767579,1407.97
"PM3494",837.698857916018,1448.515
"PM3495",838.630568811716,1392.285
"PM3496",838.646418093702,1393.605
"PM3497",838.682415857311,1424.11
"PM3498",838.711945216498,1452.585
"PM3499",838.748458780649,1473.005
"PM3500",839.649618475268,1392.32
"PM3501",839.714917252825,1451.55
"PM3502",840.646156878687,1402.22
"PM3503",840.654005832505,1446.41
"PM3504",840.66251242834,1399.5
"PM3505",841.586117866736,1392.35
"PM3506",841.665474303078,1399.5
"PM3509",843.60125977333,1393.73
"PM3511",844.604757259869,1391.86
"PM3513",845.617815842583,1397.99
"PM3514",845.696034902213,1455.82
"PM3515",846.679152955232,1452.7
"PM3516",846.715587234649,1462.44
"PM3517",847.683084500679,1437.65
"PM3518",847.721207031328,1464.74
"PM3519",848.682194914869,1434.02
"PM3520",848.698206146267,1449.57
"PM3521",848.731755202114,1465.72
"PM3522",848.769200570259,1482.24
"PM3523",849.64457053917,1408.88
"PM3524",849.661648391329,1409.705
"PM3525",849.681981287726,1436.62
"PM3526",849.690747146634,1437.295
"PM3527",850.686558344838,1438.525
"PM3528",850.709032032992,1452.335
"PM3529",850.746793321731,1471.32
"PM3530",850.775647286307,1498.095
"PM3531",850.792915522246,1498.03
"PM3532",851.676264352331,1415.29
"PM3533",851.75065579055,1468.61
"PM3534",852.726723384946,1456.3
"PM3535",855.74136461472,1468.805
"PM3536",856.657221553075,1424.96
"PM3537",857.756564291718,1476.28
"PM3538",859.710035051444,1457.9
"PM3539",860.695948322981,1452.4
"PM3540",861.644661252199,1416.27
"PM3541",861.662262744847,1416.76
"PM3543",862.68038070485,1438.47
"PM3544",862.745341208452,1469.06
"PM3545",863.6594657548,1414.885
"PM3546",863.677416648811,1416.82
"PM3548",864.682013839191,1415.225
"PM3549",864.694274941228,1433.925
"PM3550",864.762683651873,1472.44
"PM3552",865.693432525763,1419.68
"PM3553",865.76591241659,1474.07
"PM3555",866.779443807451,1478.37
"PM3556",867.745179819958,1460.195
"PM3557",871.735133587686,1466.47
"PM3558",872.767436382119,1478.23
"PM3563",875.788279179229,1482.58
"PM3565",876.763275514178,1471.52
"PM3566",876.803853309065,1492.77
"PM3567",877.033461480061,1493.21
"PM3568",877.652425110272,1475.34
"PM3569",877.657167017192,1391.32
"PM3570",877.768697313195,1469.41
"PM3571",877.810136045923,1494.685
"PM3572",877.993157592037,1492.93
"PM3573",878.743000156926,1462.16
"PM3574",878.778538367896,1476.28
"PM3575",878.796159549483,1494.75
"PM3576",878.813077612159,1495.82
"PM3577",879.538974384094,1477.27
"PM3578",879.653444190594,1392.73
"PM3579",879.673460902584,1391.645
"PM3580",879.744455042306,1462.17
"PM3581",880.479964849256,1477.27
"PM3582",880.757327278392,1464.415
"PM3583",881.756913322627,1467.29
"PM3584",882.759122601216,1468.46
"PM3585",883.774711572528,1475.12
"PM3588",884.77643416879,1475.705
"PM3589",888.762397871444,1470.5
"PM3590",889.766837643954,1470.5
"PM3591",889.784361423758,1494.965
"PM3592",890.416996506816,1474.01
"PM3593",890.76959198637,1485.045
"PM3594",890.778451031216,1472.64
"PM3595",890.787773173417,1484.405
"PM3596",891.37637646952,1474.01
"PM3597",891.78220241841,1473.02
"PM3598",892.345126160663,1477.27
"PM3599",892.757212065143,1460.995
"PM3600",892.785183236314,1489.21
"PM3601",892.793471765574,1476.01
"PM3602",892.80533193108,1488.655
"PM3603",893.30662450659,1475.565
"PM3604",893.79644970066,1476.37
"PM3605",894.51665025602,1467.055
"PM3606",894.800246586987,1475.38
"PM3607",895.734741744656,1474.07
"PM3608",895.802349170866,1474.96
"PM3609",896.737799312202,1472.725
"PM3610",896.769076872159,1476.52
"PM3611",897.75234,1467.19
"PM3612",898.754898915539,1466.47
"PM3613",898.782453526517,1480.01
"PM3614",899.767751436176,1472.445
"PM3615",900.769709765351,1473.51
"PM3616",900.788692738732,1490.06
"PM3617",900.809165411047,1487.5
"PM3618",901.812057479819,1489.88
"PM3619",902.776323782334,1497.43
"PM3620",902.804548427294,1525.39
"PM3621",902.816544474112,1494.035
"PM3622",903.459584802818,1474.685
"PM3623",903.745888663,1462.44
"PM3624",903.818866901804,1492.8
"PM3625",904.441137117068,1475.17
"PM3626",904.758049840043,1462.85
"PM3627",904.794692148695,1473.01
"PM3628",904.821813273838,1488.575
"PM3629",904.826954679084,1498.14
"PM3630",905.430089865525,1477.89
"PM3631",905.722080571248,1463.77
"PM3632",905.762378384245,1462.71
"PM3633",905.799276338166,1475.725
"PM3634",905.827909030483,1497.52
"PM3635",905.845013617553,1506.555
"PM3636",906.265420236405,1366.01
"PM3637",906.412914657761,1476.92
"PM3638",906.773982226444,1464.425
"PM3640",907.777564536433,1465.1
"PM3642",908.788655808405,1467.19
"PM3644",909.71529094842,1462.225
"PM3645",909.791240551831,1468.53
"PM3646",910.716050919901,1462.28
"PM3647",910.808084846351,1472.165
"PM3648",911.730536353269,1461.55
"PM3649",911.80926913921,1471.53
"PM3650",912.73319222887,1464.05
"PM3651",912.761820033423,1468.16
"PM3652",913.747403497963,1467.13
"PM3653",914.777079345868,1472.235
"PM3654",916.132685340975,1493.28
"PM3655",916.784057253119,1490.99
"PM3656",916.79362859917,1473.02
"PM3657",916.803293523455,1491.685
"PM3658",917.796217059076,1473.57
"PM3659",918.799252056769,1495.96
"PM3660",918.811712349279,1476.37
"PM3661",919.565781737665,1477.745
"PM3662",919.738253031185,1456.67
"PM3663",919.803632321955,1490.7
"PM3664",919.819777301835,1478.77
"PM3665",920.753713205807,1456.39
"PM3666",920.791175394238,1462.57
"PM3667",920.81540243615,1478.51
"PM3668",920.837806715834,1493.25
"PM3669",921.752483162037,1475.12
"PM3671",921.83758022501,1488.45
"PM3672",922.753147376671,1474.96
"PM3673",922.767881553543,1455.82
"PM3674",923.770226969644,1478.625
"PM3675",924.773133388812,1481.03
"PM3677",925.787958575916,1459.61
"PM3679",926.742916988447,1463.53
"PM3681",928.757379976502,1463.4
"PM3682",929.749065463598,1491.76
"PM3683",929.761598819374,1463.4
"PM3684",930.422014870142,1474.96
"PM3685",930.773063531313,1462.915
"PM3686",930.782643228083,1455.165
"PM3687",930.835011381982,1501.84
"PM3688",930.854801121508,1502.82
"PM3689",931.449293289893,1474.67
"PM3690",931.774993641599,1462.565
"PM3691",931.803047850236,1476
"PM3692",931.83919879717,1500.99
"PM3693",931.859597862854,1504.07
"PM3694",932.48157578607,1477.11
"PM3695",932.788351243388,1465.14
"PM3696",932.853470756675,1513.08
"PM3697",932.87199962322,1520.99
"PM3698",933.508566562336,1476.6
"PM3699",933.756015800757,1459.235
"PM3700",933.791164230814,1465.1
"PM3701",934.796401738908,1469
"PM3702",934.805012366128,1471.05
"PM3703",935.730624542904,1460.4
"PM3704",935.770760151617,1466.96
"PM3705",935.808079787173,1468.09
"PM3706",936.731011432386,1462.57
"PM3707",936.808415663277,1464.01
"PM3708",936.817544123316,1472.45
"PM3709",937.745610662949,1463.55
"PM3710",937.823385114098,1472.24
"PM3712",938.748148549193,1465.05
"PM3713",938.825819434608,1471.775
"PM3715",939.761811001046,1467.805
"PM3717",940.762928766434,1468.57
"PM3718",943.668551030659,1494.5
"PM3719",944.359342398641,1475
"PM3720",944.753079764386,1454.575
"PM3721",944.762823480782,1450.5
"PM3722",944.82582593039,1477.01
"PM3723",945.407631316041,1473.99
"PM3724",945.757112424889,1454.17
"PM3725",945.826475683611,1474.15
"PM3726",946.465329376063,1477.095
"PM3727",946.758005618795,1451.74
"PM3728",946.768131629462,1453.435
"PM3729",946.831073841606,1486.275
"PM3730",946.841052915909,1478.36
"PM3731",946.850687545391,1489.21
"PM3734",947.515711798811,1477.27
"PM3735",947.760572093115,1450.3
"PM3736",947.779098132633,1453.81
"PM3737",947.834655923794,1482.39
"PM3738",947.853613494457,1487.02
"PM3740",948.77425905881,1451.67
"PM3741",948.783940802741,1455.68
"PM3742",948.866908107049,1494.61
"PM3743",949.793930648213,1457.16
"PM3744",950.792164243651,1457.87
"PM3745",950.803581310372,1463.725
"PM3746",950.836033904617,1472.02
"PM3747",951.73111712077,1449.235
"PM3748",951.80459386501,1460.73
"PM3749",952.736254586402,1449.855
"PM3751",953.738567323953,1456.08
"PM3752",953.748282868547,1452.9
"PM3753",954.742499696341,1455.43
"PM3754",955.764763063315,1456.73
"PM3755",955.806117910802,1472.28
"PM3756",956.763305013123,1457.03
"PM3757",957.815149659541,1472.755
"PM3759",958.61238540663,1474.96
"PM3760",958.822071884336,1474.625
"PM3762",959.684333541072,1474.37
"PM3763",959.825286955442,1483.72
"PM3765",960.736929345084,1436.145
"PM3766",960.756835468818,1438.24
"PM3768",960.8215768423,1467.09
"PM3769",960.846209818819,1477.27
"PM3770",961.085617365755,1464.1
"PM3771",961.822104010009,1467.54
"PM3772",962.753021313679,1441.84
"PM3773",962.772929002052,1438.025
"PM3774",962.837342300164,1471.12
"PM3775",963.192934843545,1468.61
"PM3776",963.755598173011,1437.36
"PM3777",963.775684958182,1441.305
"PM3778",963.840266674742,1469.57
"PM3779",964.770291714194,1453.37
"PM3780",964.789521924462,1438.645
"PM3782",965.790741790287,1446.76
"PM3783",965.856340577216,1477.27
"PM3785",967.706268822651,1436.97
"PM3786",967.726895796445,1438.47
"PM3787",967.787238832272,1456.21
"PM3788",968.731244542458,1435.89
"PM3790",970.746984691436,1439.525
"PM3792",971.794087031072,1462.115
"PM3793",971.808380558131,1461.39
"PM3794",972.789809951653,1460.53
"PM3796",973.803558262689,1464.01
"PM3799",975.820896474228,1465.9
"PM3800",975.839434126,1469.08
"PM3801",976.8374877965,1467.07
"PM3802",978.831683390465,1466.55
"PM3806",983.7239322311,1428.995
"PM3813",1001.08288002092,1362.85
"PM3829",1093.47803345768,445.673
